Streak without 7: 100 trial(s), and 100 sample(s) with a maximum of 80.
   1,   2,   3,   4,   5,   6,   7,   8,   9,  10,  11,  12,  13,  14,  15,  16,  17,  18,  19,  20,  21,  22,  23,  24,  25,  26,  27,  28,  29,  30,  31,  32,  33,  34,  35,  36,  37,  38,  39,  40,  41,  42,  43,  44,  45,  46,  47,  48,  49,  50,  51,  52,  53,  54,  55,  56,  57,  58,  59,  60,  61,  62,  63,  64,  65,  66,  67,  68,  69,  70,  71,  72,  73,  74,  75,  76,  77,  78,  79,  80, Trial total time
    0,    0,    0,    1,    0,    0,    0,    0,    0,    1,    0,    0,    0,    0,    1,    0,    0,    0,    1,    0,    0,    1,    0,    0,    0,    1,    1,    0,    1,    1,    1,    1,    2,    1,    1,    3,    2,    3,    3,    3,    3,    4,    5,    6,    6,    7,    8,    8,    9,   10,   13,   15,   18,   20,   21,   25,   27,   35,   42,   44,   52,   66,   68,   65,   85,   97,  122,  113,  138,  159,  175,  215,  201,  275,  337,  319,  372,  436,  554,  590, 4800
    0,    0,    0,    0,    0,    0,    0,    0,    0,    0,    0,    0,    0,    0,    0,    0,    1,    0,    0,    0,    1,    0,    0,    1,    0,    2,    1,    0,    1,    1,    1,    1,    1,    2,    1,    2,    2,    3,    3,    4,    3,    4,    5,    5,    6,    6,    7,    8,   11,   10,   13,   16,   14,   17,   23,   25,   27,   34,   44,   42,   47,   53,   51,   74,   90,   94,  116,  116,  153,  134,  140,  203,  222,  227,  253,  337,  350,  434,  536,  529, 4509
    0,    0,    0,    0,    0,    0,    0,    1,    0,    0,    0,    0,    0,    0,    0,    1,    0,    0,    0,    0,    1,    0,    1,    1,    0,    0,    2,    0,    1,    1,    1,    1,    1,    1,    2,    2,    2,    2,    3,    4,    3,    4,    5,    5,    5,    7,    8,    8,   12,   11,   12,   15,   18,   20,   22,   24,   26,   30,   35,   38,   45,   48,   52,   74,   75,   89,  103,  102,  149,  149,  202,  183,  185,  226,  293,  347,  341,  415,  548,  682, 4645
    0,    0,    0,    0,    0,    0,    0,    0,    0,    0,    0,    0,    0,    0,    1,    0,    0,    0,    1,    0,    0,    1,    0,    1,    0,    1,    0,    1,    1,    1,    1,    0,    1,    1,    2,    1,    3,    3,    2,    3,    3,    4,    5,    4,    6,    7,    8,   10,   11,   12,   15,   16,   17,   19,   24,   26,   30,   28,   38,   34,   51,   50,   67,   72,   84,   79,  119,  119,  119,  173,  168,  206,  254,  245,  324,  298,  413,  381,  501,  546, 4613
    0,    0,    0,    0,    0,    0,    0,    0,    0,    0,    0,    0,    1,    0,    0,    0,    0,    0,    1,    0,    0,    1,    0,    0,    1,    0,    1,    1,    0,    1,    1,    1,    2,    1,    2,    2,    2,    2,    3,    2,    3,    4,    5,    4,    7,    7,    8,    8,   10,   10,   15,   17,   16,   18,   22,   26,   27,   35,   39,   43,   52,   56,   49,   61,   82,   96,  104,  121,  142,  189,  156,  206,  216,  266,  288,  276,  360,  461,  469,  599, 4600
    0,    0,    0,    0,    0,    0,    0,    0,    0,    0,    0,    1,    0,    0,    0,    0,    0,    0,    1,    0,    0,    1,    0,    1,    0,    1,    0,    1,    0,    0,    1,    1,    2,    1,    2,    2,    2,    2,    3,    3,    4,    4,    5,    4,    6,    6,    7,   10,    8,   12,   13,   15,   17,   21,   21,   26,   27,   37,   34,   40,   50,   60,   66,   65,   71,  110,   97,  110,  149,  151,  197,  233,  257,  225,  302,  375,  383,  426,  475,  588, 4733
    0,    0,    0,    0,    0,    0,    0,    0,    0,    0,    0,    0,    0,    0,    0,    1,    0,    0,    0,    0,    1,    0,    0,    1,    0,    1,    0,    1,    1,    0,    2,    1,    1,    1,    2,    2,    2,    2,    3,    3,    4,    4,    5,    4,    6,    6,    9,   10,   10,   12,   16,   14,   17,   22,   22,   26,   27,   36,   34,   48,   45,   57,   65,   72,   76,   95,  101,  116,  117,  152,  149,  188,  233,  306,  237,  414,  424,  420,  532,  567, 4724
    0,    0,    0,    0,    0,    0,    0,    0,    0,    0,    0,    0,    0,    0,    0,    1,    0,    0,    0,    0,    1,    0,    0,    1,    0,    1,    1,    1,    1,    1,    1,    1,    1,    2,    2,    2,    2,    2,    4,    3,    3,    3,    5,    4,    6,    6,    7,    9,   10,   11,   14,   14,   15,   18,   20,   24,   25,   31,   36,   45,   43,   49,   65,   67,   77,   90,  125,  109,  181,  152,  188,  197,  192,  276,  308,  363,  495,  342,  481,  609, 4745
    0,    0,    0,    0,    0,    0,    0,    0,    0,    0,    0,    0,    0,    1,    0,    0,    0,    0,    0,    1,    0,    0,    1,    0,    1,    0,    1,    1,    1,    1,    1,    1,    1,    1,    2,    2,    1,    3,    2,    4,    3,    4,    4,    6,    6,    6,    7,   11,   10,   12,   13,   16,   16,   19,   24,   24,   26,   29,   36,   48,   42,   53,   54,   99,   71,   90,  104,  107,  114,  143,  185,  174,  228,  242,  318,  387,  451,  390,  436,  581, 4617
    0,    0,    0,    0,    0,    0,    0,    0,    0,    0,    0,    0,    1,    0,    0,    0,    0,    0,    0,    1,    0,    0,    1,    0,    1,    1,    0,    1,    2,    1,    1,    1,    1,    1,    2,    2,    2,    3,    3,    3,    4,    5,    4,    4,    6,    6,    7,   11,    8,   11,   13,   16,   19,   19,   23,   22,   29,   31,   40,   41,   59,   56,   60,   65,   74,   93,  106,  141,  141,  189,  170,  205,  307,  340,  349,  356,  401,  421,  635,  501, 5017
    0,    0,    0,    0,    0,    0,    0,    0,    0,    0,    0,    0,    0,    0,    0,    0,    1,    0,    0,    0,    0,    1,    0,    0,    1,    0,    1,    0,    1,    1,    1,    1,    1,    1,    2,    1,    2,    3,    2,    3,    4,    4,    5,    5,    7,    7,    7,    9,    9,   12,   13,   15,   18,   20,   19,   24,   30,   34,   38,   34,   44,   55,   66,   73,   72,   88,  110,  122,  145,  161,  185,  222,  207,  229,  296,  288,  392,  445,  528,  637, 4702
    0,    0,    0,    0,    0,    0,    0,    0,    0,    0,    0,    0,    0,    0,    0,    0,    1,    0,    0,    0,    1,    0,    0,    1,    0,    1,    1,    0,    1,    1,    1,    1,    1,    1,    2,    2,    2,    2,    3,    2,    4,    4,    5,    5,    8,    7,    7,    9,   12,   10,   12,   17,   17,   20,   24,   27,   27,   27,   40,   47,   45,   46,   69,   66,   73,   87,  114,  136,  152,  174,  182,  241,  243,  242,  288,  339,  401,  457,  450,  551, 4711
    0,    0,    0,    0,    0,    0,    0,    0,    0,    0,    0,    0,    1,    0,    0,    0,    0,    1,    0,    0,    1,    0,    0,    1,    0,    1,    1,    1,    0,    1,    1,    1,    2,    1,    2,    2,    2,    2,    3,    3,    3,    5,    5,    6,    6,    8,    8,   11,   13,   11,   13,   12,   18,   22,   25,   28,   29,   29,   38,   45,   50,   58,   57,   66,   89,   92,  144,  114,  137,  150,  167,  200,  280,  253,  304,  369,  411,  492,  466,  656, 4917
    0,    0,    0,    0,    0,    0,    0,    0,    0,    0,    0,    0,    0,    0,    0,    0,    1,    0,    0,    0,    0,    1,    0,    1,    0,    1,    1,    0,    1,    0,    1,    2,    1,    1,    1,    2,    2,    3,    2,    4,    3,    4,    5,    5,    8,    7,    7,    8,   10,   11,   11,   13,   19,   20,   17,   32,   31,   30,   37,   46,   50,   49,   73,   77,   74,   98,  106,  119,  131,  152,  174,  197,  202,  300,  352,  327,  429,  479,  500,  626, 4866
    0,    0,    0,    0,    0,    0,    0,    0,    0,    0,    0,    0,    0,    0,    0,    0,    1,    0,    0,    0,    1,    0,    0,    1,    1,    0,    1,    1,    1,    1,    1,    1,    1,    1,    2,    1,    2,    3,    3,    3,    4,    4,    4,    5,    6,    6,    7,   10,    9,   13,   13,   18,   17,   20,   21,   30,   26,   30,   33,   43,   54,   59,   78,   69,   85,  109,   94,  118,  101,  161,  174,  234,  237,  238,  311,  312,  428,  491,  534,  586, 4818
    0,    0,    0,    0,    0,    0,    0,    0,    0,    0,    0,    0,    0,    0,    0,    1,    0,    0,    0,    0,    1,    0,    0,    0,    1,    0,    1,    1,    0,    1,    1,    1,    1,    2,    2,    1,    3,    2,    3,    3,    3,    4,    5,    4,    7,    7,    7,    9,    8,   11,   12,   16,   19,   18,   18,   20,   23,   30,   33,   38,   55,   55,   48,   71,   71,   89,  109,  111,  118,  173,  180,  186,  241,  252,  355,  362,  442,  467,  476,  564, 4747
    0,    0,    0,    0,    0,    0,    0,    0,    0,    0,    0,    0,    1,    0,    0,    0,    0,    0,    1,    0,    0,    0,    1,    0,    1,    1,    0,    1,    1,    1,    0,    2,    1,    1,    2,    2,    2,    2,    3,    3,    4,    3,    5,    6,    6,    6,    9,    9,   10,   13,   12,   18,   16,   19,   22,   26,   24,   32,   40,   40,   55,   57,   71,   66,   86,   91,  110,  121,  168,  168,  192,  181,  189,  264,  287,  404,  333,  567,  541,  516, 4813
    0,    0,    0,    1,    0,    0,    0,    0,    0,    0,    0,    0,    0,    0,    0,    0,    0,    1,    0,    0,    0,    1,    0,    0,    1,    0,    1,    1,    1,    1,    0,    3,    1,    1,    1,    3,    3,    2,    3,    3,    3,    4,    4,    5,    5,    7,    9,    8,   11,   11,   12,   13,   16,   16,   24,   25,   28,   37,   30,   41,   55,   61,   55,   80,   96,  103,  105,  121,  120,  162,  171,  211,  250,  272,  336,  372,  363,  535,  530,  597, 4935
    0,    1,    0,    0,    0,    0,    0,    0,    0,    0,    0,    0,    0,    0,    0,    0,    0,    1,    0,    0,    0,    1,    0,    1,    0,    1,    0,    1,    1,    1,    1,    1,    1,    1,    2,    2,    2,    2,    3,    4,    3,    4,    4,    5,    5,    9,    8,    9,   10,   12,   15,   19,   15,   21,   23,   20,   30,   33,   30,   39,   55,   56,   64,   73,   83,  108,  109,  115,  123,  151,  181,  180,  250,  292,  314,  336,  405,  488,  567,  662, 4954
    0,    0,    0,    1,    0,    0,    0,    0,    0,    0,    0,    0,    0,    0,    1,    0,    0,    0,    0,    0,    1,    0,    0,    1,    0,    1,    1,    0,    1,    1,    1,    1,    2,    1,    1,    2,    2,    3,    3,    2,    4,    4,    5,    4,    6,    8,    7,    8,    8,   11,   13,   14,   17,   23,   20,   24,   26,   31,   38,   42,   50,   51,   58,   66,   78,   87,  115,  138,  142,  170,  185,  240,  277,  298,  306,  353,  425,  425,  512,  525, 4840
    0,    0,    0,    0,    0,    0,    0,    0,    0,    0,    0,    0,    0,    1,    0,    0,    0,    0,    0,    1,    0,    0,    1,    0,    0,    1,    0,    1,    1,    1,    1,    1,    1,    2,    1,    2,    3,    2,    3,    3,    4,    3,    6,    4,    7,    7,   10,   11,    9,   11,   12,   16,   14,   23,   22,   26,   24,   34,   36,   34,   53,   53,   62,   76,   88,   85,  109,  125,  162,  133,  206,  266,  234,  282,  292,  337,  428,  555,  484,  626, 4997
    0,    0,    0,    0,    0,    0,    0,    0,    0,    0,    0,    0,    0,    0,    0,    0,    1,    0,    0,    0,    0,    1,    0,    0,    1,    0,    1,    1,    0,    1,    1,    2,    1,    2,    1,    2,    2,    3,    2,    4,    3,    4,    4,    6,    6,    7,    8,    8,   10,   12,   12,   17,   14,   20,   25,   21,   29,   33,   34,   38,   52,   61,   74,   86,   92,   83,  117,  107,  157,  180,  209,  224,  241,  280,  301,  369,  386,  408,  552,  582, 4898
    0,    0,    0,    0,    0,    0,    0,    0,    0,    0,    0,    0,    0,    0,    0,    1,    0,    0,    0,    0,    1,    0,    0,    1,    0,    1,    1,    1,    1,    0,    2,    1,    1,    2,    1,    2,    2,    2,    2,    4,    3,    4,    5,    5,    6,    6,    7,    9,   12,   12,   13,   15,   16,   18,   22,   23,   27,   31,   40,   36,   55,   46,   55,   73,   79,  103,   93,  116,  125,  127,  209,  200,  247,  260,  309,  344,  400,  473,  551,  603, 4805
    0,    0,    0,    0,    0,    0,    1,    0,    0,    0,    0,    0,    0,    0,    0,    0,    0,    0,    0,    0,    0,    1,    0,    1,    0,    0,    1,    1,    2,    1,    0,    1,    1,    1,    1,    2,    2,    3,    3,    3,    3,    5,    3,    6,    7,    6,    7,    8,   11,   13,   14,   18,   18,   20,   23,   26,   34,   34,   44,   49,   50,   56,   64,   64,   88,   96,  117,  129,  118,  158,  144,  191,  282,  263,  349,  362,  568,  486,  600,  592, 5155
    0,    0,    0,    0,    0,    0,    0,    0,    0,    0,    0,    0,    1,    0,    0,    0,    0,    0,    0,    1,    0,    0,    1,    0,    0,    1,    1,    0,    1,    1,    1,    1,    1,    1,    2,    2,    3,    2,    3,    3,    3,    5,    5,    5,    6,    8,    8,    8,    9,   12,   13,   14,   18,   22,   26,   25,   23,   26,   51,   46,   58,   55,   68,   69,   91,   84,  133,  128,  141,  142,  172,  178,  262,  253,  287,  367,  388,  444,  561,  574, 4816
    0,    0,    0,    0,    0,    0,    0,    0,    0,    0,    0,    0,    0,    1,    0,    0,    0,    0,    0,    1,    0,    0,    1,    0,    1,    0,    1,    1,    0,    1,    1,    1,    1,    1,    2,    2,    2,    3,    3,    3,    3,    4,    4,    6,    6,    7,    9,    9,   12,   10,   11,   14,   19,   17,   27,   27,   29,   37,   29,   47,   49,   67,   63,   71,   87,   99,   91,  116,  153,  175,  150,  234,  259,  278,  283,  304,  468,  453,  604,  640, 5000
    0,    0,    0,    0,    0,    0,    0,    1,    0,    0,    0,    0,    0,    0,    0,    0,    0,    1,    0,    0,    0,    1,    0,    0,    1,    0,    1,    1,    1,    1,    0,    1,    2,    1,    1,    3,    2,    2,    3,    3,    3,    5,    6,    6,    5,    6,    9,   10,    9,    9,   15,   16,   22,   20,   22,   25,   28,   34,   30,   45,   42,   65,   71,   73,   93,   92,  108,  125,  155,  165,  181,  206,  232,  263,  346,  428,  385,  494,  483,  716, 5074
    0,    0,    0,    0,    0,    0,    0,    0,    0,    0,    0,    0,    0,    1,    0,    0,    0,    0,    0,    1,    0,    0,    1,    0,    1,    0,    1,    1,    0,    1,    1,    1,    2,    2,    2,    1,    3,    2,    3,    5,    4,    5,    7,    6,    7,    8,    8,   11,   11,   13,   12,   15,   21,   20,   21,   26,   31,   31,   40,   36,   49,   66,   62,   88,   80,  101,  104,  111,  162,  162,  182,  183,  182,  263,  375,  363,  393,  547,  530,  569, 4937
    0,    0,    0,    0,    0,    0,    0,    0,    0,    0,    0,    0,    0,    1,    0,    0,    0,    0,    0,    1,    0,    0,    0,    1,    0,    1,    0,    1,    1,    1,    1,    1,    1,    2,    1,    2,    2,    3,    3,    3,    3,    4,    5,    4,    7,    6,   11,   12,    9,   14,   18,   20,   21,   21,   23,   24,   28,   27,   37,   43,   47,   55,   74,   74,   80,   98,   98,  127,  146,  156,  167,  208,  296,  266,  305,  358,  386,  557,  486,  579, 4927
    0,    0,    0,    0,    0,    0,    0,    0,    0,    0,    0,    0,    0,    0,    0,    0,    0,    0,    1,    0,    0,    0,    1,    0,    1,    1,    1,    0,    1,    1,    1,    1,    1,    2,    1,    3,    2,    3,    2,    4,    3,    5,    4,    6,    6,    7,   10,   10,   10,   12,   13,   16,   16,   24,   28,   24,   29,   39,   38,   38,   45,   49,   63,   66,   95,   75,  130,  131,  139,  178,  195,  204,  298,  306,  347,  378,  388,  504,  462,  548, 4968
    0,    0,    0,    0,    0,    0,    0,    0,    0,    0,    0,    0,    0,    0,    0,    0,    1,    0,    0,    0,    1,    0,    0,    1,    0,    1,    1,    0,    1,    1,    1,    1,    2,    1,    2,    1,    2,    2,    2,    4,    3,    5,    5,    6,    5,    6,    7,    9,    9,   11,   14,   16,   17,   21,   23,   27,   30,   29,   36,   49,   54,   55,   62,   63,   84,   98,  106,  113,  135,  148,  188,  202,  204,  257,  299,  314,  449,  439,  495,  566, 4686
    0,    0,    0,    0,    0,    0,    0,    0,    0,    0,    0,    0,    0,    0,    0,    1,    0,    0,    0,    0,    1,    0,    0,    1,    0,    1,    0,    1,    1,    1,    1,    1,    1,    2,    1,    2,    2,    3,    3,    3,    3,    4,    5,    5,    7,    6,    8,   10,   10,   12,   13,   13,   17,   22,   19,   25,   27,   30,   41,   52,   47,   51,   53,   66,   83,  101,  110,  119,  143,  143,  195,  190,  217,  248,  324,  344,  480,  402,  446,  618, 4737
    0,    0,    0,    0,    0,    0,    0,    0,    0,    0,    0,    0,    0,    0,    0,    0,    1,    0,    0,    0,    0,    1,    0,    0,    1,    0,    1,    0,    1,    1,    1,    1,    1,    2,    2,    2,    2,    3,    3,    4,    3,    5,    4,    4,    7,    6,    8,   10,   12,   14,   12,   15,   17,   20,   23,   22,   30,   34,   45,   42,   50,   54,   64,   71,   86,   84,  106,  145,  160,  163,  195,  191,  226,  242,  288,  319,  312,  395,  450,  655, 4618
    0,    0,    0,    0,    0,    0,    0,    0,    0,    0,    0,    0,    0,    0,    0,    0,    0,    0,    1,    0,    0,    0,    1,    0,    1,    0,    1,    1,    1,    0,    1,    1,    1,    1,    2,    1,    2,    3,    2,    3,    4,    4,    4,    5,    5,    8,    6,    8,    9,   14,   12,   17,   20,   18,   19,   23,   35,   30,   42,   48,   55,   53,   63,   77,   73,   89,  115,  129,  126,  185,  191,  173,  196,  271,  279,  315,  386,  523,  544,  708, 4907
    0,    0,    0,    0,    0,    0,    0,    0,    0,    0,    0,    0,    0,    0,    0,    0,    1,    0,    0,    0,    0,    0,    1,    0,    1,    0,    1,    0,    0,    1,    1,    1,    1,    2,    1,    2,    2,    3,    3,    3,    4,    4,    5,    5,    6,    6,    7,   10,   10,   11,   13,   16,   20,   22,   22,   23,   26,   33,   35,   50,   65,   44,   63,   76,   82,   85,  119,  107,  125,  167,  160,  213,  266,  294,  261,  298,  355,  422,  516,  629, 4702
    0,    0,    0,    0,    0,    0,    0,    0,    0,    0,    0,    0,    0,    0,    0,    0,    1,    0,    0,    0,    1,    0,    0,    1,    0,    1,    0,    1,    1,    1,    1,    1,    2,    1,    1,    2,    2,    3,    4,    3,    3,    4,    4,    7,    5,    7,    8,   10,   10,   12,   14,   13,   17,   19,   20,   26,   32,   35,   41,   49,   46,   54,   63,   72,   66,  107,   92,  126,  151,  182,  183,  184,  285,  251,  270,  325,  417,  494,  529,  523, 4783
    0,    0,    0,    0,    0,    0,    0,    0,    0,    0,    0,    0,    0,    0,    1,    0,    0,    0,    0,    1,    0,    0,    1,    0,    1,    1,    0,    1,    1,    1,    1,    1,    1,    1,    2,    2,    2,    3,    2,    3,    3,    5,    4,    4,    7,    7,    7,    9,    9,   12,   13,   17,   15,   20,   26,   24,   30,   40,   37,   42,   52,   45,   66,   77,   96,  111,  133,  119,  138,  177,  225,  212,  259,  233,  286,  412,  401,  396,  449,  616, 4860
    0,    0,    0,    0,    0,    0,    0,    0,    0,    0,    0,    0,    0,    0,    1,    0,    0,    0,    0,    0,    1,    0,    1,    0,    0,    1,    1,    0,    1,    1,    1,    1,    2,    1,    1,    2,    2,    3,    3,    4,    4,    4,    4,    5,    6,    7,    8,   10,    9,   13,   11,   17,   19,   20,   25,   28,   28,   35,   38,   48,   43,   61,   70,   88,   92,  111,  120,  118,  155,  161,  173,  168,  206,  248,  307,  343,  425,  438,  534,  573, 4803
    0,    0,    0,    0,    0,    0,    0,    0,    0,    0,    0,    0,    1,    0,    0,    0,    0,    0,    0,    1,    0,    1,    0,    1,    0,    1,    0,    1,    1,    1,    1,    1,    1,    1,    2,    1,    2,    3,    3,    2,    4,    4,    4,    6,    6,    8,    8,   11,   10,   12,   16,   15,   15,   22,   20,   33,   27,   34,   38,   44,   62,   47,   64,   71,   93,   90,  108,  145,  149,  166,  148,  219,  254,  253,  332,  281,  436,  476,  436,  434, 4626
    0,    0,    0,    0,    0,    0,    0,    0,    1,    0,    0,    0,    0,    0,    0,    0,    0,    0,    1,    0,    0,    1,    0,    1,    0,    1,    0,    1,    0,    1,    1,    1,    2,    1,    2,    1,    3,    2,    3,    3,    4,    4,    5,    6,    5,    7,    7,   10,   12,   13,   12,   16,   19,   16,   24,   27,   31,   27,   38,   41,   35,   53,   58,   60,   83,   90,  107,  115,  141,  168,  165,  231,  274,  235,  297,  365,  409,  521,  529,  559, 4845
    0,    0,    0,    0,    0,    0,    0,    0,    0,    0,    0,    0,    0,    0,    0,    0,    1,    0,    0,    0,    0,    1,    0,    1,    0,    1,    0,    1,    1,    1,    1,    1,    1,    2,    1,    2,    3,    2,    3,    3,    3,    5,    4,    5,    7,    6,    7,    9,   10,   10,   15,   16,   17,   24,   21,   26,   27,   37,   48,   41,   48,   63,   56,   82,   80,   96,  117,  120,  150,  150,  177,  187,  205,  300,  265,  325,  372,  453,  546,  613, 4771
    0,    0,    0,    0,    0,    0,    0,    0,    0,    1,    0,    0,    0,    0,    0,    0,    0,    1,    0,    0,    0,    1,    0,    1,    0,    1,    0,    1,    1,    1,    1,    1,    1,    2,    2,    1,    2,    3,    2,    3,    5,    4,    5,    6,    7,    7,    7,    8,   12,   12,   17,   11,   16,   21,   25,   24,   33,   30,   40,   43,   45,   57,   66,   69,  101,   99,  116,  129,  128,  166,  210,  242,  222,  235,  313,  386,  396,  476,  506,  567, 4889
    0,    0,    0,    0,    0,    0,    0,    0,    0,    0,    0,    0,    0,    0,    0,    0,    0,    1,    0,    0,    0,    1,    0,    0,    1,    1,    0,    1,    1,    0,    2,    1,    1,    1,    2,    2,    2,    3,    2,    3,    3,    5,    4,    5,    8,    6,    8,   10,    9,   12,   13,   18,   15,   21,   21,   25,   33,   30,   36,   44,   49,   60,   59,   63,   95,   76,  116,  130,  148,  169,  155,  212,  292,  282,  307,  363,  387,  473,  437,  574, 4799
    0,    0,    0,    0,    0,    0,    0,    0,    0,    0,    0,    0,    0,    0,    0,    0,    0,    0,    0,    0,    1,    0,    0,    1,    0,    1,    0,    1,    1,    1,    0,    1,    2,    1,    2,    1,    3,    3,    3,    2,    4,    5,    4,    6,    7,    6,    6,    9,   11,   13,   14,   17,   16,   18,   21,   22,   33,   33,   33,   47,   46,   60,   66,   82,   83,   90,  123,  120,  122,  142,  196,  181,  214,  234,  312,  313,  390,  452,  529,  536, 4642
    0,    0,    0,    0,    0,    0,    0,    0,    0,    0,    0,    0,    0,    0,    0,    0,    0,    1,    0,    0,    1,    0,    0,    1,    0,    1,    1,    0,    1,    1,    1,    1,    2,    1,    2,    2,    2,    2,    2,    3,    4,    4,    4,    7,    5,    8,    9,    8,   11,   13,   14,   16,   16,   19,   21,   26,   32,   40,   36,   43,   45,   62,   69,   81,   94,   99,  121,  146,  127,  132,  198,  223,  229,  252,  290,  353,  395,  532,  448,  587, 4846
    0,    0,    0,    0,    0,    0,    0,    0,    0,    0,    0,    0,    0,    0,    0,    0,    0,    0,    0,    0,    1,    0,    0,    1,    1,    0,    1,    1,    1,    1,    1,    1,    1,    1,    2,    2,    2,    2,    3,    3,    3,    4,    5,    6,    6,    6,    8,    8,   10,   11,   14,   18,   17,   22,   22,   32,   29,   36,   42,   43,   55,   54,   64,   74,   86,   89,  100,  132,  158,  178,  182,  239,  233,  297,  310,  320,  462,  436,  457,  645, 4941
    0,    0,    0,    0,    0,    0,    0,    0,    0,    0,    0,    0,    0,    0,    0,    0,    0,    1,    0,    0,    0,    1,    0,    1,    0,    1,    0,    1,    0,    2,    1,    1,    1,    2,    1,    2,    2,    2,    3,    3,    4,    3,    5,    5,    6,    7,    8,    9,   10,   15,   16,   15,   17,   20,   24,   27,   29,   29,   44,   53,   53,   55,   57,   80,   80,  110,  101,  103,  136,  133,  180,  214,  229,  294,  332,  320,  385,  390,  613,  571, 4809
    0,    0,    0,    0,    0,    0,    0,    0,    1,    0,    0,    0,    0,    0,    0,    0,    0,    1,    0,    0,    0,    1,    0,    0,    1,    1,    0,    1,    1,    1,    1,    1,    1,    1,    3,    2,    2,    3,    2,    4,    4,    5,    4,    6,    6,    7,    9,    9,   11,   12,   14,   18,   19,   20,   24,   27,   30,   31,   43,   48,   61,   59,   62,   89,   82,  101,  117,  126,  162,  108,  178,  223,  218,  297,  313,  363,  369,  419,  562,  493, 4777
    0,    0,    0,    0,    0,    0,    0,    0,    0,    0,    0,    0,    0,    1,    0,    0,    0,    0,    0,    1,    0,    0,    1,    1,    0,    1,    1,    1,    1,    0,    2,    0,    2,    1,    2,    1,    3,    3,    3,    3,    4,    4,    4,    6,    5,    7,    8,    9,   10,   13,   12,   15,   18,   21,   22,   30,   30,   33,   39,   42,   53,   54,   68,   74,  112,   97,  120,  105,  156,  191,  188,  243,  172,  248,  299,  334,  353,  395,  521,  579, 4723
    0,    0,    0,    0,    0,    0,    0,    0,    0,    0,    0,    0,    0,    1,    0,    0,    0,    0,    0,    1,    0,    0,    1,    0,    1,    0,    1,    1,    0,    1,    1,    1,    2,    1,    1,    2,    2,    2,    3,    4,    3,    4,    5,    5,    5,    8,    8,    7,   10,   13,   12,   16,   19,   21,   23,   20,   33,   34,   36,   44,   49,   53,   73,   67,   75,  122,  108,  122,  128,  159,  152,  237,  251,  227,  310,  380,  424,  439,  520,  569, 4819
    0,    0,    0,    0,    0,    0,    0,    0,    0,    0,    0,    0,    0,    0,    0,    0,    1,    0,    0,    0,    1,    0,    0,    1,    0,    1,    0,    1,    1,    1,    1,    1,    1,    1,    2,    2,    2,    2,    3,    3,    3,    5,    4,    5,    7,    7,    8,   10,   11,   12,   13,   15,   19,   16,   21,   24,   31,   35,   38,   37,   53,   47,   68,   83,   82,   95,  121,  141,  140,  174,  177,  216,  257,  268,  333,  353,  360,  434,  560,  652, 4963
    0,    0,    0,    0,    0,    0,    0,    0,    0,    0,    0,    0,    0,    1,    0,    0,    0,    0,    0,    1,    0,    0,    1,    0,    1,    0,    1,    1,    0,    1,    1,    1,    1,    2,    2,    1,    2,    3,    3,    3,    4,    3,    4,    6,    7,    6,    8,    9,   10,   12,   14,   17,   17,   18,   22,   24,   34,   30,   38,   43,   45,   64,   58,   72,   84,   88,  118,  126,  108,  148,  189,  229,  216,  268,  328,  333,  406,  402,  475,  642, 4754
    0,    0,    0,    0,    0,    0,    0,    0,    0,    0,    0,    0,    0,    1,    0,    0,    0,    0,    0,    1,    0,    0,    1,    0,    1,    0,    1,    0,    1,    1,    2,    1,    1,    1,    2,    2,    2,    2,    3,    3,    4,    4,    5,    6,    6,    7,    7,    9,   11,   12,   14,   13,   21,   18,   26,   25,   32,   38,   33,   53,   48,   57,   68,   77,   79,   96,  107,  107,  137,  169,  158,  223,  233,  286,  346,  331,  395,  471,  481,  539, 4780
    0,    0,    1,    0,    0,    0,    0,    0,    0,    0,    0,    0,    0,    0,    0,    0,    0,    1,    0,    0,    0,    1,    0,    1,    0,    1,    0,    1,    1,    1,    1,    1,    1,    2,    1,    2,    2,    2,    3,    3,    3,    4,    5,    6,    5,    7,    7,    8,   12,   13,   11,   17,   20,   18,   19,   28,   31,   29,   39,   43,   42,   51,   63,   65,   81,   85,  107,  119,  148,  181,  175,  196,  258,  232,  269,  319,  389,  453,  560,  668, 4813
    0,    0,    0,    0,    0,    0,    0,    0,    0,    0,    0,    0,    0,    1,    0,    0,    0,    0,    0,    0,    1,    0,    0,    1,    0,    1,    0,    1,    1,    0,    1,    1,    1,    2,    2,    1,    3,    2,    3,    2,    5,    4,    5,    5,    6,    6,    9,    7,   10,   11,   12,   15,   18,   23,   20,   28,   31,   34,   35,   50,   50,   48,   63,   68,  106,   99,  102,  114,  157,  153,  189,  212,  248,  264,  308,  398,  411,  481,  466,  494, 4790
    0,    0,    0,    0,    0,    0,    0,    0,    0,    0,    0,    0,    1,    0,    0,    0,    0,    0,    1,    0,    0,    1,    0,    0,    1,    0,    1,    1,    0,    1,    1,    1,    2,    1,    2,    2,    1,    3,    2,    4,    4,    4,    5,    5,    6,    7,    9,    8,   11,   12,   16,   16,   20,   17,   21,   26,   30,   37,   43,   41,   54,   56,   59,   72,   90,  118,  113,  115,  149,  157,  216,  189,  190,  276,  306,  382,  403,  481,  527,  603, 4920
    0,    0,    0,    0,    0,    0,    0,    0,    0,    0,    0,    1,    0,    0,    0,    0,    0,    0,    1,    0,    0,    0,    1,    0,    1,    0,    1,    1,    1,    1,    1,    1,    1,    1,    2,    2,    2,    3,    3,    2,    4,    5,    5,    6,    6,    6,    9,    8,   11,   11,   13,   13,   14,   22,   23,   20,   35,   33,   35,   53,   46,   51,   75,   76,   95,   87,  116,  112,  138,  151,  173,  228,  233,  285,  285,  311,  356,  452,  575,  496, 4699
    0,    0,    0,    0,    0,    0,    0,    0,    0,    0,    0,    0,    0,    0,    1,    0,    0,    0,    0,    1,    0,    0,    1,    0,    1,    0,    1,    1,    1,    0,    1,    1,    2,    1,    2,    2,    2,    3,    3,    3,    4,    4,    4,    7,    5,    9,    8,    8,   10,   12,   12,   16,   16,   20,   26,   24,   27,   34,   37,   53,   38,   61,   59,   80,   84,   83,  101,  125,  167,  161,  186,  182,  194,  237,  322,  382,  431,  422,  519,  603, 4800
    0,    0,    0,    0,    0,    0,    0,    0,    0,    0,    0,    0,    0,    0,    0,    1,    0,    0,    0,    0,    1,    0,    1,    0,    1,    0,    1,    0,    1,    1,    1,    1,    1,    2,    1,    3,    1,    3,    2,    4,    3,    4,    5,    4,    6,    7,    8,    8,   13,   12,   12,   15,   18,   22,   22,   26,   31,   35,   34,   45,   42,   53,   68,   63,   78,  111,  119,  133,  145,  192,  180,  248,  216,  295,  356,  414,  460,  558,  509,  649, 5246
    0,    0,    0,    0,    0,    0,    0,    0,    0,    0,    0,    0,    0,    0,    0,    0,    1,    0,    0,    0,    0,    1,    0,    0,    1,    1,    0,    1,    1,    1,    0,    2,    1,    1,    2,    2,    2,    2,    3,    4,    4,    5,    5,    6,    6,    7,    8,    8,   13,   12,   14,   16,   18,   16,   24,   25,   24,   30,   37,   47,   46,   62,   71,   72,   88,  110,  101,  100,  162,  157,  191,  243,  247,  276,  329,  340,  360,  407,  560,  599, 4872
    0,    0,    0,    0,    0,    0,    0,    0,    0,    0,    0,    0,    0,    1,    0,    0,    0,    0,    0,    0,    1,    0,    0,    1,    0,    1,    0,    1,    1,    0,    2,    1,    1,    1,    2,    2,    3,    2,    3,    3,    4,    4,    6,    5,    7,    7,    8,    8,   10,   13,   15,   15,   18,   21,   28,   24,   29,   35,   42,   51,   45,   54,   68,   75,   82,  101,  124,  114,  137,  183,  154,  184,  221,  261,  314,  300,  424,  440,  535,  597, 4791
    0,    0,    0,    0,    0,    0,    0,    0,    0,    0,    0,    0,    0,    0,    0,    0,    1,    0,    0,    0,    0,    1,    0,    0,    1,    0,    1,    1,    0,    1,    1,    1,    1,    2,    2,    1,    3,    2,    2,    3,    4,    5,    6,    5,    7,    7,    9,   10,   11,   11,   15,   16,   18,   21,   20,   32,   34,   33,   38,   44,   52,   49,   54,   71,   70,   97,   99,  137,  120,  198,  168,  197,  209,  227,  324,  291,  429,  525,  503,  628, 4819
    0,    0,    0,    1,    0,    0,    0,    0,    0,    0,    0,    0,    0,    0,    0,    0,    1,    0,    0,    0,    0,    1,    0,    0,    1,    0,    1,    1,    0,    1,    1,    2,    1,    1,    2,    2,    2,    3,    3,    3,    4,    4,    5,    5,    6,    7,   11,   10,   11,   13,   15,   16,   18,   22,   29,   31,   35,   34,   52,   48,   57,   68,   72,   83,   76,   83,   99,  168,  132,  170,  172,  214,  267,  258,  297,  431,  465,  399,  492,  631, 5037
    0,    0,    0,    1,    0,    0,    0,    0,    0,    0,    0,    0,    0,    0,    0,    0,    0,    0,    1,    0,    0,    0,    1,    0,    0,    1,    0,    1,    1,    1,    0,    2,    1,    1,    2,    1,    4,    2,    3,    3,    4,    4,    5,    7,    7,    6,    8,   10,   11,   16,   13,   16,   19,   22,   25,   33,   32,   39,   40,   46,   57,   51,   61,   66,  101,  105,  122,  113,  166,  164,  159,  224,  243,  225,  288,  281,  349,  343,  459,  565, 4531
    0,    0,    0,    0,    0,    0,    0,    0,    0,    0,    0,    0,    0,    0,    1,    0,    0,    0,    0,    1,    0,    0,    1,    0,    0,    1,    0,    1,    1,    0,    1,    1,    1,    2,    1,    2,    2,    3,    3,    3,    3,    4,    4,    5,    6,    7,    7,   10,   11,   10,   13,   14,   20,   22,   23,   28,   25,   38,   36,   42,   55,   49,   70,   60,   87,   96,   95,  104,  158,  189,  215,  259,  236,  332,  322,  370,  420,  495,  572,  593, 5130
    0,    0,    0,    0,    0,    0,    0,    0,    0,    0,    0,    0,    0,    0,    0,    0,    1,    0,    0,    0,    0,    1,    0,    1,    0,    1,    0,    1,    1,    1,    1,    1,    1,    2,    1,    2,    2,    3,    2,    4,    3,    4,    5,    6,    6,    8,    8,   10,   11,   13,   13,   19,   20,   19,   21,   28,   28,   30,   32,   41,   51,   51,   75,   71,   82,   94,  107,  140,  119,  165,  167,  166,  207,  306,  247,  297,  332,  487,  447,  549, 4512
    0,    0,    0,    0,    0,    0,    0,    0,    0,    0,    1,    0,    0,    0,    0,    0,    0,    0,    0,    1,    0,    0,    1,    0,    1,    0,    1,    0,    1,    1,    1,    1,    1,    2,    2,    1,    2,    3,    3,    3,    4,    4,    4,    6,    6,    8,    8,    7,   10,   13,   12,   15,   18,   20,   26,   26,   26,   36,   29,   38,   49,   54,   70,   72,   72,   93,  102,  115,  135,  153,  163,  190,  241,  234,  271,  325,  424,  420,  567,  569, 4661
    0,    0,    0,    0,    0,    0,    0,    0,    0,    0,    0,    0,    0,    0,    0,    1,    0,    0,    0,    0,    1,    0,    0,    1,    0,    1,    0,    1,    1,    1,    1,    1,    1,    1,    2,    2,    2,    3,    3,    3,    4,    4,    6,    4,    6,    6,    8,    8,   10,   11,   14,   16,   20,   23,   19,   28,   26,   36,   40,   42,   43,   58,   72,   65,   61,   93,  103,  128,  143,  173,  148,  199,  242,  268,  294,  344,  365,  535,  469,  586, 4746
    0,    0,    0,    0,    0,    0,    0,    0,    0,    0,    0,    0,    0,    0,    1,    0,    0,    0,    0,    1,    0,    0,    0,    1,    0,    1,    1,    0,    1,    1,    1,    1,    1,    2,    2,    2,    2,    4,    2,    4,    4,    4,    5,    5,    7,    7,    9,    9,   11,   12,   14,   17,   20,   20,   23,   23,   27,   38,   39,   40,   51,   55,   79,   84,   84,   96,  115,  131,  155,  168,  183,  227,  251,  274,  331,  345,  375,  455,  511,  604, 4937
    0,    0,    0,    0,    0,    0,    0,    0,    0,    0,    0,    0,    1,    0,    0,    0,    0,    0,    0,    1,    0,    0,    1,    0,    0,    1,    1,    0,    1,    0,    1,    1,    1,    2,    1,    2,    2,    2,    4,    3,    5,    4,    4,    6,    6,    6,    9,    9,   11,   15,   15,   16,   17,   21,   22,   25,   26,   33,   37,   53,   55,   61,   66,   79,   84,   99,  103,  128,  138,  176,  160,  197,  297,  295,  344,  337,  460,  433,  593,  705, 5175
    0,    0,    0,    0,    0,    0,    0,    0,    0,    0,    0,    0,    1,    0,    0,    0,    0,    0,    0,    1,    0,    0,    0,    1,    0,    1,    0,    1,    0,    1,    1,    1,    2,    1,    2,    2,    2,    2,    3,    3,    3,    4,    6,    5,    6,    7,    7,    9,    9,   12,   13,   14,   18,   18,   24,   23,   24,   36,   39,   43,   50,   61,   66,   73,   69,   95,   97,  117,  136,  148,  207,  185,  273,  289,  293,  375,  426,  476,  481,  697, 4959
    0,    0,    0,    0,    0,    0,    0,    0,    0,    0,    0,    0,    0,    1,    0,    0,    0,    0,    0,    0,    1,    0,    0,    1,    0,    1,    0,    1,    0,    1,    1,    1,    2,    1,    2,    2,    2,    2,    3,    3,    4,    4,    5,    6,    7,    7,   10,    9,   10,   13,   13,   18,   20,   17,   22,   27,   29,   32,   38,   47,   46,   61,   74,   64,   95,  104,  109,  150,  136,  105,  182,  207,  226,  297,  341,  344,  452,  478,  463,  544, 4841
    0,    0,    0,    0,    0,    0,    0,    0,    0,    0,    0,    0,    1,    0,    0,    0,    0,    0,    1,    0,    0,    0,    1,    0,    1,    0,    1,    0,    1,    1,    1,    1,    1,    1,    2,    2,    0,    0,    7,    3,    3,    4,    5,    5,    6,    7,    8,    9,   11,   11,   14,   14,   16,   18,   21,   27,   26,   29,   40,   51,   54,   53,   60,   81,   85,   88,  105,  128,  140,  155,  199,  193,  255,  268,  295,  368,  395,  423,  476,  569, 4740
    0,    0,    0,    0,    0,    0,    0,    0,    0,    0,    0,    0,    0,    0,    0,    1,    0,    0,    0,    0,    1,    0,    0,    1,    0,    1,    0,    1,    1,    1,    0,    2,    1,    1,    1,    2,    2,    2,    4,    3,    3,    4,    5,    5,    6,    6,    8,   10,   10,   13,   13,   15,   18,   19,   23,   24,   27,   32,   32,   46,   51,   61,   71,   69,  104,  101,  114,  105,  126,  151,  192,  204,  267,  297,  358,  318,  423,  501,  530,  708, 5095
    0,    0,    0,    0,    0,    0,    0,    0,    0,    0,    0,    0,    0,    0,    0,    1,    0,    0,    0,    0,    1,    0,    0,    1,    0,    1,    0,    1,    1,    1,    0,    2,    1,    1,    2,    2,    3,    2,    3,    3,    4,    4,    5,    4,    5,    7,    9,   11,   11,   12,   13,   18,   18,   24,   24,   28,   41,   32,   38,   43,   51,   63,   72,   70,   81,   80,  110,  142,  142,  164,  179,  222,  221,  293,  380,  345,  405,  499,  518,  552, 4966
    0,    0,    0,    0,    0,    0,    0,    0,    0,    0,    0,    0,    0,    0,    0,    0,    1,    0,    0,    0,    0,    1,    0,    0,    1,    0,    1,    1,    0,    1,    1,    1,    1,    2,    1,    2,    3,    2,    2,    4,    3,    3,    6,    5,    6,    8,    7,    8,   10,   12,   13,   15,   15,   20,   20,   29,   29,   33,   40,   42,   55,   66,   59,   81,   69,  103,  126,  130,  126,  142,  212,  257,  223,  282,  291,  373,  413,  527,  688,  787, 5359
    0,    0,    0,    0,    0,    0,    0,    0,    0,    0,    0,    0,    0,    0,    0,    0,    1,    0,    0,    0,    0,    1,    0,    0,    1,    0,    1,    0,    1,    1,    1,    1,    1,    2,    2,    2,    2,    3,    2,    3,    4,    4,    5,    5,    7,    7,    8,    8,   10,   14,   14,   16,   18,   27,   23,   26,   31,   37,   43,   48,   48,   55,   56,   76,   89,  105,   93,  122,  121,  145,  208,  216,  241,  256,  304,  372,  301,  434,  527,  628, 4777
    0,    0,    0,    0,    0,    0,    0,    0,    0,    0,    0,    0,    0,    0,    0,    1,    0,    0,    0,    0,    1,    0,    0,    1,    0,    0,    1,    1,    0,    1,    1,    1,    1,    2,    1,    2,    2,    3,    2,    3,    4,    4,    5,    5,    8,    6,    9,    9,   13,   12,   13,   18,   14,   19,   25,   29,   31,   34,   33,   41,   53,   52,   64,   68,   89,   94,   98,  133,  151,  186,  175,  201,  254,  289,  369,  340,  455,  378,  498,  681, 4984
    0,    0,    0,    0,    0,    0,    0,    0,    0,    0,    0,    0,    0,    0,    0,    0,    1,    0,    0,    0,    0,    1,    0,    1,    0,    1,    0,    1,    1,    1,    0,    2,    1,    1,    2,    1,    3,    2,    3,    3,    3,    5,    6,    5,    6,    8,    9,    8,    9,   14,   11,   13,   17,   23,   18,   24,   32,   35,   40,   41,   46,   58,   59,   74,   80,   95,  135,  118,  114,  171,  223,  259,  231,  262,  232,  416,  398,  443,  376,  590, 4733
    0,    0,    0,    0,    0,    0,    0,    0,    0,    0,    0,    0,    0,    0,    0,    0,    1,    0,    0,    0,    0,    1,    0,    0,    1,    0,    1,    0,    1,    1,    1,    1,    1,    2,    1,    2,    2,    2,    3,    4,    4,    4,    6,    5,    6,    8,    8,    7,   10,    9,   14,   17,   18,   22,   23,   29,   36,   39,   38,   44,   52,   58,   68,   76,   96,  110,   98,  112,  142,  150,  177,  223,  232,  291,  389,  323,  428,  498,  528,  553, 4976
    0,    0,    0,    0,    0,    0,    0,    0,    0,    0,    0,    0,    0,    1,    0,    0,    0,    0,    0,    1,    0,    0,    1,    0,    0,    1,    0,    1,    1,    1,    1,    0,    2,    1,    1,    2,    3,    2,    2,    3,    5,    4,    6,    6,    5,    8,    9,    9,    9,   10,   12,   15,   14,   20,   22,   29,   25,   35,   38,   43,   57,   44,   58,   77,   91,   89,  114,  102,  137,  169,  193,  177,  234,  237,  329,  317,  436,  427,  490,  608, 4734
    0,    0,    0,    0,    0,    0,    0,    0,    0,    0,    0,    0,    0,    0,    0,    0,    0,    1,    0,    0,    0,    1,    0,    0,    1,    0,    1,    0,    1,    1,    1,    1,    1,    2,    2,    2,    2,    1,    3,    3,    4,    4,    5,    4,    7,    6,    9,    8,   10,   11,   12,   16,   17,   19,   23,   26,   29,   31,   41,   44,   46,   55,   54,   79,   97,   97,  110,  114,  163,  152,  163,  193,  201,  229,  336,  349,  385,  443,  449,  637, 4703
    0,    0,    0,    0,    0,    0,    0,    0,    0,    0,    0,    0,    0,    0,    0,    0,    0,    0,    0,    1,    0,    0,    0,    1,    0,    1,    0,    1,    1,    1,    1,    1,    1,    2,    2,    2,    2,    3,    2,    4,    3,    4,    3,    5,    8,    8,    8,   11,   11,   14,   13,   15,   14,   16,   25,   25,   25,   40,   41,   47,   40,   52,   59,   76,   81,   96,   87,  101,  124,  184,  183,  211,  238,  297,  343,  308,  361,  513,  546,  544, 4808
    0,    0,    0,    0,    0,    0,    0,    0,    0,    0,    0,    0,    0,    1,    0,    0,    0,    0,    0,    1,    0,    0,    0,    1,    0,    1,    0,    1,    1,    1,    1,    1,    1,    2,    1,    2,    2,    2,    3,    3,    3,    5,    4,    6,    6,    7,    7,    9,   11,   12,   13,   16,   19,   16,   18,   22,   32,   36,   34,   43,   47,   65,   64,   78,   88,   99,  103,  146,  152,  170,  222,  212,  202,  266,  317,  379,  425,  456,  575,  614, 5024
    0,    0,    0,    0,    0,    0,    0,    0,    0,    0,    0,    1,    0,    0,    0,    0,    0,    0,    1,    0,    0,    0,    1,    0,    1,    0,    1,    0,    1,    1,    1,    1,    1,    2,    1,    2,    2,    2,    3,    3,    4,    4,    4,    5,    6,    7,    8,    8,   11,   10,   12,   15,   16,   18,   24,   27,   31,   27,   36,   45,   51,   49,   63,   72,   74,   82,  112,  120,  132,  165,  219,  231,  239,  262,  333,  315,  385,  462,  497,  535, 4741
    0,    0,    0,    0,    0,    0,    0,    0,    0,    0,    0,    0,    0,    0,    0,    0,    1,    0,    0,    0,    0,    1,    0,    0,    1,    0,    1,    0,    1,    1,    1,    1,    2,    1,    1,    2,    2,    2,    3,    3,    4,    4,    4,    7,    5,    7,    8,   10,   11,   12,   13,   14,   18,   19,   25,   24,   28,   39,   37,   38,   49,   62,   67,   73,   89,   92,  106,  131,  116,  166,  200,  192,  245,  225,  299,  368,  299,  477,  542,  601, 4750
    0,    0,    0,    0,    0,    0,    0,    0,    0,    0,    0,    0,    0,    1,    0,    0,    0,    0,    0,    1,    0,    0,    1,    0,    0,    1,    1,    0,    1,    1,    1,    1,    1,    2,    1,    2,    3,    2,    3,    3,    4,    4,    4,    6,    6,    8,    8,    8,   10,   11,   13,   15,   18,   18,   25,   25,   30,   32,   45,   48,   40,   47,   61,   70,   87,   99,  124,  114,  130,  168,  164,  215,  226,  231,  300,  304,  418,  406,  478,  552, 4598
    0,    0,    0,    0,    0,    0,    0,    0,    0,    0,    0,    0,    0,    0,    0,    0,    0,    1,    0,    0,    0,    1,    0,    0,    1,    0,    1,    0,    1,    1,    1,    1,    1,    1,    2,    2,    2,    3,    3,    4,    2,    6,    5,    5,    6,    9,    9,    8,   11,   12,   14,   14,   17,   22,   24,   20,   36,   31,   46,   47,   52,   65,   67,   77,   92,   77,  109,  129,  123,  151,  163,  193,  233,  242,  326,  355,  400,  493,  552,  514, 4783
    0,    0,    0,    0,    0,    0,    0,    0,    0,    0,    0,    0,    0,    0,    0,    0,    1,    0,    0,    0,    0,    0,    0,    0,    1,    0,    1,    0,    1,    1,    1,    1,    1,    1,    2,    1,    3,    2,    3,    3,    3,    5,    6,    6,    6,    6,    8,    9,   10,   10,   15,   19,   18,   18,   24,   25,   27,   33,   44,   43,   47,   55,   73,   63,   72,   83,   86,  126,  121,  153,  182,  214,  206,  284,  276,  356,  384,  323,  560,  646, 4669
    0,    0,    0,    0,    0,    0,    0,    0,    0,    0,    0,    0,    0,    0,    0,    0,    0,    1,    0,    0,    0,    1,    0,    0,    1,    0,    1,    0,    1,    1,    1,    1,    1,    1,    2,    2,    3,    2,    3,    3,    3,    5,    5,    5,    7,    6,    9,    7,   12,   11,   15,   16,   18,   16,   23,   26,   30,   34,   45,   43,   46,   55,   68,   73,  101,   97,  100,  128,  150,  183,  153,  206,  232,  277,  306,  340,  317,  414,  513,  636, 4756
    0,    0,    0,    0,    0,    0,    1,    0,    0,    0,    0,    0,    0,    0,    0,    0,    0,    1,    0,    0,    0,    1,    0,    0,    1,    0,    1,    0,    2,    0,    2,    1,    1,    2,    2,    2,    2,    3,    3,    3,    4,    3,    4,    6,    6,    8,    8,   10,    7,   14,   15,   15,   15,   19,   24,   27,   29,   30,   34,   52,   44,   58,   70,   66,   91,   89,  120,  136,  140,  144,  179,  229,  211,  228,  274,  405,  472,  502,  527,  496, 4840
    0,    0,    0,    0,    0,    0,    0,    0,    0,    0,    0,    0,    0,    0,    1,    0,    0,    0,    0,    0,    1,    0,    0,    1,    0,    1,    0,    1,    1,    0,    1,    1,    2,    1,    2,    2,    2,    2,    3,    3,    5,    4,    4,    4,    6,    9,    8,   11,   11,   12,   12,   18,   16,   23,   21,   28,   32,   33,   41,   50,   54,   61,   58,   81,   81,   83,  109,  117,  140,  147,  195,  232,  263,  297,  273,  386,  400,  481,  588,  496, 4916
    0,    0,    0,    0,    0,    0,    0,    0,    0,    0,    0,    0,    0,    0,    0,    0,    0,    1,    0,    0,    0,    1,    0,    0,    1,    0,    1,    1,    0,    1,    1,    1,    1,    2,    1,    2,    3,    2,    2,    3,    3,    5,    5,    6,    6,    6,    8,    9,    8,   12,   13,   17,   18,   22,   26,   27,   29,   31,   40,   42,   49,   53,   72,   76,   80,   87,  105,  125,  130,  157,  188,  241,  262,  305,  282,  350,  333,  497,  562,  511, 4822
    0,    0,    0,    0,    0,    0,    0,    0,    0,    0,    0,    0,    0,    1,    0,    0,    0,    0,    0,    1,    0,    1,    0,    0,    1,    0,    1,    0,    1,    1,    1,    1,    1,    1,    2,    2,    2,    2,    3,    3,    4,    4,    6,    5,    5,    7,    6,    9,   11,   12,   14,   15,   16,   20,   27,   27,   24,   31,   25,   42,   46,   56,   66,   63,   80,   98,   92,  122,  151,  147,  183,  202,  231,  274,  250,  354,  356,  459,  467,  458, 4490
    0,    0,    0,    0,    0,    0,    0,    0,    0,    0,    0,    0,    0,    0,    1,    0,    0,    0,    0,    0,    1,    0,    0,    1,    0,    1,    0,    1,    1,    0,    1,    1,    1,    2,    2,    1,    3,    2,    3,    3,    4,    4,    5,    2,   11,    7,    8,   10,    9,   12,   14,   15,   17,   18,   20,   25,   31,   32,   34,   44,   56,   55,   66,   83,   79,   81,   98,  113,  130,  173,  158,  209,  246,  236,  322,  318,  329,  518,  590,  630, 4837
    0,    0,    0,    0,    0,    0,    0,    0,    0,    1,    0,    0,    0,    0,    0,    0,    0,    0,    1,    0,    0,    0,    1,    0,    1,    0,    0,    1,    1,    1,    1,    1,    1,    1,    2,    2,    1,    3,    2,    3,    4,    6,    5,    5,    7,    6,    8,   10,   10,   12,   11,   15,   17,   20,   23,   23,   35,   34,   37,   41,   54,   58,   69,   72,   78,   93,  122,  123,  116,  168,  173,  172,  192,  248,  276,  363,  420,  610,  431,  550, 4741
    0,    0,    0,    0,    1,    0,    0,    0,    0,    0,    0,    0,    0,    0,    0,    0,    0,    1,    0,    0,    0,    1,    0,    0,    1,    0,    1,    0,    1,    1,    1,    1,    1,    2,    1,    2,    2,    3,    3,    4,    4,    4,    4,    6,    6,    6,    7,    9,   11,   10,   14,   16,   19,   21,   20,   27,   31,   30,   33,   40,   50,   58,   57,   65,   65,  105,  103,  135,  157,  143,  203,  236,  231,  322,  312,  349,  384,  420,  556,  625, 4921
    0,    0,    0,    0,    0,    0,    0,    0,    0,    0,    0,    0,    0,    0,    0,    1,    0,    0,    0,    1,    0,    0,    1,    0,    0,    1,    1,    0,    1,    1,    1,    1,    2,    1,    2,    2,    2,    3,    2,    3,    4,    5,    5,    6,    6,    7,    7,    9,   10,   12,   13,   16,   18,   18,   23,   24,   32,   32,   47,   43,   50,   60,   62,   66,   90,   93,  116,  135,  124,  141,  181,  209,  267,  279,  264,  346,  418,  476,  465,  677, 4882
    0,    0,    0,    0,    0,    0,    0,    0,    0,    0,    0,    0,    0,    0,    0,    0,    1,    0,    0,    0,    0,    1,    0,    0,    1,    0,    1,    0,    1,    1,    0,    1,    2,    1,    2,    2,    2,    3,    3,    2,    4,    4,    4,    5,    6,    7,    6,    9,   10,   13,   12,   16,   20,   20,   28,   27,   33,   32,   38,   44,   52,   54,   64,   67,   93,   98,  100,  144,  131,  156,  210,  209,  190,  257,  301,  405,  434,  425,  516,  500, 4768
    0,    0,    0,    0,    0,    0,    0,    0,    0,    0,    0,    0,    0,    0,    0,    1,    0,    0,    0,    1,    0,    0,    1,    0,    0,    1,    0,    1,    0,    1,    1,    1,    1,    2,    1,    2,    2,    2,    3,    3,    4,    5,    5,    6,    6,    6,    8,    8,   11,   10,   14,   16,   17,   19,   24,   24,   26,   37,   42,   49,   51,   55,   66,   68,   86,   95,  108,  108,  142,  167,  163,  186,  275,  324,  313,  314,  399,  454,  466,  636, 4837
